login_hour,records_viewed,downloads_count,requests_per_minute,failed_operations,session_duration_minutes
9,3,1,4.2,0,18
10,2,0,3.5,0,12
11,5,1,5.8,1,25
14,1,0,2.1,0,8
9,12,2,8.4,0,45
10,8,1,6.7,0,38
15,4,0,4.9,1,22
8,14,3,9.6,1,62
16,6,2,6.1,0,31
12,2,1,3.8,0,15
13,17,3,11.2,1,78
9,9,1,7.3,0,41
17,3,0,3.3,0,10
10,11,2,8.9,2,55
11,7,1,6.4,0,35
14,15,4,10.5,1,85
8,5,0,5.2,0,27
18,4,1,4.6,1,20
12,10,2,7.8,0,48
15,18,3,12.4,2,95
9,6,1,5.5,0,29
10,1,0,1.8,0,6
7,8,1,6.0,0,36
13,13,2,9.1,1,67
16,2,0,2.7,0,9
11,16,4,11.8,1,102
14,5,1,5.0,0,24
19,3,1,3.9,0,16
9,19,3,13.1,2,110
12,7,0,6.8,1,33
10,4,2,4.4,0,21
15,9,1,7.1,0,43
8,12,2,8.2,0,52
17,6,1,5.9,1,30
13,3,0,3.1,0,14
11,14,3,10.2,1,72
16,10,2,8.0,0,46
9,2,1,2.9,0,11
14,20,5,14.2,3,118
10,7,1,6.2,0,34
12,5,0,4.7,0,26
18,8,2,7.0,1,39
8,3,0,3.6,0,13
13,11,2,8.6,0,50
15,6,1,5.6,0,28
11,1,0,2.3,1,7
9,15,4,10.9,1,88
16,4,1,4.1,0,19
10,13,2,9.4,2,65
14,8,1,6.9,0,37
12,17,3,12.0,1,92
7,4,0,4.3,0,17
17,9,2,7.5,0,44
9,5,1,5.3,0,23
11,12,3,9.0,1,58
13,2,1,3.0,0,10
15,14,2,10.0,0,75
10,6,0,5.7,1,32
8,10,1,7.6,0,47
18,3,0,3.4,0,12
12,9,2,7.2,0,42
14,4,1,4.8,0,20
16,16,3,11.5,2,98
9,8,0,6.5,0,40
11,3,1,3.7,0,15
13,7,1,6.3,1,35
10,18,4,12.8,1,105
15,5,0,5.1,0,25
19,6,1,5.4,0,30
12,11,2,8.7,0,54
8,2,0,2.5,0,9
14,13,3,9.8,1,68
17,4,1,4.0,0,18
9,10,2,8.1,0,51
11,6,1,5.9,0,31
16,7,0,6.6,1,38
13,15,3,10.7,0,80
10,3,0,3.2,0,13
15,12,2,9.3,2,60
12,1,0,2.0,0,5
8,9,1,7.4,0,44
18,5,1,5.0,0,22
14,6,2,5.8,0,29
9,16,3,11.0,1,90
11,8,1,6.8,0,37
13,4,0,4.5,0,19
16,12,2,8.8,1,56
10,5,1,5.6,0,26
7,6,0,5.5,0,28
12,14,4,10.3,0,76
15,3,1,3.5,0,14
17,10,1,7.9,1,49
9,4,0,4.2,0,16
14,9,2,7.7,0,45
11,19,5,13.6,2,115
13,6,1,5.7,0,32
10,2,1,3.0,1,11
16,8,1,6.4,0,34
12,13,2,9.5,0,64
8,7,2,6.2,0,33
